{
  "rig_frame": "head_anatomical_frame",
  "ref_tag_id": 0,
  "head_tag_ids": [
    0,
    1,
    2,
    3,
    4
  ],
  "head_tag_size_m": {
    "4": 0.04,
    "3": 0.04,
    "0": 0.04,
    "1": 0.04,
    "2": 0.04
  },
  "parent_map": {
    "3": 0,
    "1": 0,
    "4": 3,
    "2": 1
  },
  "head_order_left_to_right": [
    4,
    3,
    0,
    1,
    2
  ],
  "head_origin_tag_id": 0,
  "edge_sample_count": {
    "0->3": 22,
    "0->1": 31,
    "3->4": 14,
    "1->2": 16
  },
  "T_H_T": {
    "0": [
      [
        -0.03993292659346819,
        0.02030337213350784,
        -0.998996063282378,
        0.0
      ],
      [
        -0.9990834991569936,
        0.01460957854228967,
        0.04023334347322485,
        0.0
      ],
      [
        0.015411783994674204,
        0.9996871176997456,
        0.019701360848340847,
        0.0
      ],
      [
        0.0,
        0.0,
        0.0,
        1.0
      ]
    ],
    "1": [
      [
        0.5168919864950862,
        0.03518906515060091,
        -0.8553270742768468,
        0.017975184377161585
      ],
      [
        -0.8560504646170131,
        0.02186104984146516,
        -0.5164297595305927,
        -0.07480465988482594
      ],
      [
        0.0005256673476895355,
        0.9991415436231526,
        0.04142341705103325,
        0.0011744344013099512
      ],
      [
        0.0,
        0.0,
        0.0,
        1.0
      ]
    ],
    "2": [
      [
        0.9977545233750267,
        0.05320883742306168,
        0.04067838129473249,
        0.10008853040056005
      ],
      [
        0.03800298991010694,
        0.050361650342939525,
        -0.9980077539441405,
        -0.10093317176549199
      ],
      [
        -0.0551514627418508,
        0.99731265097502,
        0.04822646952258222,
        0.0008066492995039806
      ],
      [
        0.0,
        0.0,
        0.0,
        1.0
      ]
    ],
    "3": [
      [
        -0.51288335812805,
        -0.07655257206782919,
        -0.8550382240959139,
        0.019720653243971483
      ],
      [
        -0.8571754892302741,
        -0.0087626366570099,
        0.5149498974285344,
        0.07094696684967278
      ],
      [
        -0.04691312841982662,
        0.9970270407108411,
        -0.06112477789937409,
        -0.002379294753412502
      ],
      [
        0.0,
        0.0,
        0.0,
        1.0
      ]
    ],
    "4": [
      [
        -0.995774149977124,
        -0.07983148263402232,
        0.045395777532604015,
        0.09834306153375016
      ],
      [
        0.046232368090651794,
        -0.008661562270117988,
        0.9988931601927062,
        0.102289725208363
      ],
      [
        -0.07934992361726861,
        0.9967707418055038,
        0.012315758297359272,
        0.004360378454226433
      ],
      [
        0.0,
        0.0,
        0.0,
        1.0
      ]
    ]
  },
  "T_root_H": [
    [
      -0.03993292659346819,
      -0.9990834991569936,
      0.015411783994674204,
      0.0
    ],
    [
      0.02030337213350784,
      0.01460957854228967,
      0.9996871176997456,
      0.0
    ],
    [
      -0.998996063282378,
      0.04023334347322485,
      0.019701360848340847,
      0.0
    ],
    [
      0.0,
      0.0,
      0.0,
      1.0
    ]
  ],
  "axis_definition": {
    "x": "forward",
    "y": "left",
    "z": "up"
  }
}