{
  "K": [
    [
      358.5368978124723,
      0.0,
      295.4519689005728
    ],
    [
      0.0,
      361.1584302715608,
      209.52214805894258
    ],
    [
      0.0,
      0.0,
      1.0
    ]
  ],
  "dist": [
    -0.3097453064544974,
    0.008836447903119512,
    0.018478791170644986,
    0.0004022893344005848,
    0.017655540896102023
  ]
}