{
  "model": "pinhole",
  "image_width": 640,
  "image_height": 480,
  "K": [
    [
      358.5368978124723,
      0.0,
      295.4519689005728
    ],
    [
      0.0,
      361.1584302715608,
      209.52214805894258
    ],
    [
      0.0,
      0.0,
      1.0
    ]
  ],
  "dist": [
    -0.3097453064544974,
    0.008836447903119512,
    0.018478791170644986,
    0.0004022893344005848,
    0.017655540896102023
  ],
  "calibration_rms": 3.8473876865550225,
  "reprojection_rmse": 3.8473877906799316,
  "board": {
    "inner_corners_cols": 5,
    "inner_corners_rows": 7,
    "square_size_m": 0.031
  },
  "num_input_images": 60,
  "num_valid_images": 54,
  "used_images": [
    "calib_0003.png",
    "calib_0004.png",
    "calib_0005.png",
    "calib_0006.png",
    "calib_0007.png",
    "calib_0008.png",
    "calib_0009.png",
    "calib_0010.png",
    "calib_0011.png",
    "calib_0012.png",
    "calib_0013.png",
    "calib_0014.png",
    "calib_0015.png",
    "calib_0016.png",
    "calib_0017.png",
    "calib_0018.png",
    "calib_0019.png",
    "calib_0020.png",
    "calib_0021.png",
    "calib_0022.png",
    "calib_0023.png",
    "calib_0024.png",
    "calib_0025.png",
    "calib_0026.png",
    "calib_0027.png",
    "calib_0028.png",
    "calib_0029.png",
    "calib_0030.png",
    "calib_0032.png",
    "calib_0034.png",
    "calib_0035.png",
    "calib_0036.png",
    "calib_0037.png",
    "calib_0038.png",
    "calib_0039.png",
    "calib_0040.png",
    "calib_0041.png",
    "calib_0042.png",
    "calib_0043.png",
    "calib_0044.png",
    "calib_0045.png",
    "calib_0046.png",
    "calib_0047.png",
    "calib_0048.png",
    "calib_0049.png",
    "calib_0050.png",
    "calib_0051.png",
    "calib_0052.png",
    "calib_0053.png",
    "calib_0054.png",
    "calib_0055.png",
    "calib_0057.png",
    "calib_0058.png",
    "calib_0059.png"
  ],
  "rejected_images": [
    [
      "calib_0000.png",
      "corners_not_found"
    ],
    [
      "calib_0001.png",
      "corners_not_found"
    ],
    [
      "calib_0002.png",
      "corners_not_found"
    ],
    [
      "calib_0031.png",
      "corners_not_found"
    ],
    [
      "calib_0033.png",
      "corners_not_found"
    ],
    [
      "calib_0056.png",
      "corners_not_found"
    ]
  ],
  "per_view_rmse": [
    2.514615774154663,
    0.44320377707481384,
    0.763453483581543,
    0.8410733342170715,
    0.22462892532348633,
    0.21731017529964447,
    0.1862197369337082,
    0.21373717486858368,
    4.953887939453125,
    3.753206253051758,
    3.2939529418945312,
    6.5920329093933105,
    6.014742374420166,
    5.854000568389893,
    6.324313640594482,
    5.831777095794678,
    4.1623101234436035,
    4.289397716522217,
    4.803178787231445,
    3.5454695224761963,
    3.302018404006958,
    5.406648635864258,
    6.760108947753906,
    6.282713413238525,
    6.463820934295654,
    6.312614440917969,
    4.395235061645508,
    2.7284624576568604,
    4.616148471832275,
    5.505849838256836,
    6.195033073425293,
    4.324926853179932,
    4.7008209228515625,
    6.410299301147461,
    0.8405818343162537,
    0.48790693283081055,
    0.7652974724769592,
    0.8936766982078552,
    3.9077179431915283,
    3.0217647552490234,
    0.9922767281532288,
    0.7063202857971191,
    4.030145645141602,
    0.48595964908599854,
    0.44076794385910034,
    0.3369574248790741,
    3.1092753410339355,
    3.7855889797210693,
    0.923717200756073,
    0.9004886150360107,
    0.5467833280563354,
    2.046973705291748,
    1.0836057662963867,
    0.8182846307754517
  ]
}